Name,Gender,Age,Nationality,Years Active,Genre/Niche,Beauty,Skills,Education,Award Wins,Media Mentions,Social Media Followers,Social Media Likes,Network Size,MBTI Personality,Income,Short Story
Gabrielle Lopez,Female,28,Brazilian-American,6,"Fashion, Beauty, Lifestyle",8,"Fashion styling, Makeup artistry, Content creation",Bachelor's degree in Fashion Design from Parsons School of Design,"Fashion Influencer of the Year at the Fashion Awards, Beauty Icon at the Beauty Awards","Featured in Vogue, Harper's Bazaar, Elle, Cosmopolitan",3.5 million,"200,000","Extensive network of fashion designers, makeup artists, and fellow influencers",ENFP,"$500,000","Gabrielle Lopez, hailing from Rio de Janeiro, found her passion for fashion at an early age. Armed with creativity and determination, she moved to New York City to pursue her dreams. Through hard work and dedication, Gabrielle established herself as a prominent figure in the fashion and beauty industry. With her unique sense of style and infectious energy, she inspires millions of followers around the world to embrace their individuality and express themselves fearlessly. Gabrielle's journey is a testament to the power of passion and perseverance in achieving success in the ever-evolving world of social media and fashion."
Xavier Rodriguez,Male,34,Brazilian,12,"Fitness, Health, Motivation",9,"Personal training, Nutrition, Content creation",Bachelor's degree in Exercise Science from Sao Paulo University,"Fitness Influencer of the Year at the Global Fitness Awards, Best Health Advocate at the Wellness Awards","Featured in Men's Health, Women's Health, GQ, Shape",2.5 million,"150,000","Vast network of fitness professionals, athletes, and wellness experts",ESTP,"$600,000","Xavier Rodriguez's journey to fitness influencer began with a passion for health and wellness. Growing up in Sao Paulo, Brazil, he discovered his love for fitness at an early age and dedicated himself to helping others achieve their fitness goals. With his engaging personality and expertise, Xavier quickly gained a following on social media, inspiring millions to live healthier and more active lives. From leading workout sessions on the beaches of Rio de Janeiro to speaking at international fitness expos, Xavier continues to motivate and inspire his followers to push their limits and unlock their full potential."
Olivia Nguyen,Female,31,Vietnamese-American,9,"Fashion, Lifestyle, Travel",9,"Fashion design, Travel blogging, Content creation",Bachelor's degree in Fashion Design from Parsons School of Design,"Fashion Influencer of the Year at the Fashion Awards, Travel Blogger of the Year at the Travel Awards","Featured in Vogue, Harper's Bazaar, Elle, Travel + Leisure",3.0 million,"180,000","Extensive network of fashion designers, photographers, and fellow influencers",INFJ,"$700,000","Olivia Nguyen's love for fashion and travel began at a young age, inspiring her to pursue a career as a fashion designer and travel blogger. With her keen sense of style and adventurous spirit, Olivia shares her passion for fashion and exploration with her followers, inspiring them to embrace their individuality and seek new experiences. From walking the runways of Paris Fashion Week to exploring the streets of Tokyo, Olivia's journey is a testament to the power of following your dreams and living life to the fullest."
Liam Johnson,Male,32,British,10,"Travel, Adventure, Photography",8,"Photography, Travel blogging, Storytelling",Bachelor's degree in Geography from University of Edinburgh,"Travel Influencer of the Year at the Travel Awards, Adventure Photographer of the Year at the Photography Awards","Featured in National Geographic, Lonely Planet, Conde Nast Traveler, Travel + Leisure",1.8 million,"90,000","Diverse network of fellow travelers, photographers, and adventure enthusiasts",ISTP,"$400,000","Liam Johnson's passion for travel and adventure has taken him to some of the most remote corners of the earth. From climbing mountains to diving deep into the ocean, Liam's thirst for exploration knows no bounds. Through his captivating photography and storytelling, he inspires millions to step out of their comfort zones and embrace the wonders of the world."
Isabella Martinez,Female,26,Spanish,4,"Food, Cooking, Lifestyle",7,"Cooking, Recipe development, Food photography",Culinary Arts degree from Le Cordon Bleu,"Food Influencer of the Year at the Food Awards, Best Cooking Channel at the Lifestyle Awards","Featured in Food & Wine, Bon Appétit, Epicurious, Tasty",1.5 million,"80,000","Wide network of fellow chefs, food bloggers, and culinary enthusiasts",ESFJ,"$250,000","Isabella Martinez's love for cooking began in her grandmother's kitchen, where she learned the art of Spanish cuisine. With a passion for healthy eating and vibrant flavors, Isabella shares her culinary creations with her followers, inspiring them to cook delicious and nutritious meals at home. Through her engaging cooking videos and relatable approach to food, Isabella has become a trusted source of culinary inspiration for millions around the world."
Ethan Chang,Male,30,Chinese-American,7,"Technology, Gaming, Entrepreneurship",7,"Tech entrepreneurship, Gaming, Content creation",Bachelor's degree in Computer Science from Stanford University,"Tech Influencer of the Year at the Tech Awards, Gaming Personality of the Year at the Gaming Awards","Featured in Wired, TechCrunch, Engadget, Polygon",2.8 million,"130,000","Vast network of tech professionals, gamers, and entrepreneurs",ENTJ,"$600,000",Ethan Chang's fascination with technology and gaming began at a young age
Emily Johnson,Female,29,American,8,"Travel, Photography, Lifestyle",9,"Photography, Writing, Travel blogging",Bachelor's degree in Journalism from Columbia University,"Travel Blogger of the Year at the Travel Awards, Photography Award at the Photography Awards","Featured in National Geographic, Lonely Planet, Conde Nast Traveler, Travel + Leisure",2.2 million,"110,000","Diverse network of fellow travelers, photographers, and adventure enthusiasts",ENFJ,"$450,000","Emily Johnson's passion for travel and photography began during her college years, where she studied journalism and discovered her love for storytelling through visuals. She travels the world capturing breathtaking landscapes and sharing her experiences with her audience. Through her captivating photography and engaging writing, Emily inspires millions to explore the beauty of our planet and embrace the spirit of adventure."
Daniel Kim,Male,33,Korean-American,9,"Finance, Investing, Entrepreneurship",7,"Financial analysis, Investment strategies, Entrepreneurship",MBA in Finance from Harvard Business School,"Finance Influencer of the Year at the Finance Awards, Entrepreneur of the Year at the Business Awards","Featured in Forbes, Bloomberg, CNBC, Financial Times",1.8 million,"100,000","Extensive network of finance professionals, investors, and entrepreneurs",INTJ,"$800,000","Daniel Kim is a finance guru and serial entrepreneur known for his expertise in investment strategies and financial analysis. With an MBA from Harvard Business School, Daniel shares his insights and knowledge with his followers, empowering them to make informed decisions and achieve financial success. From hosting workshops to launching startups, Daniel's journey is a testament to the power of strategic thinking and hard work in the world of finance and entrepreneurship."
Sophia Taylor,Female,27,British,7,"Art, Design, Fashion",9,"Fashion design, Graphic design, Content creation",Bachelor's degree in Fashion Design from Central Saint Martins,"Fashion Designer of the Year at the Fashion Awards, Artistic Achievement Award at the Design Awards","Featured in Vogue, Harper's Bazaar, Elle, Design Milk",2.6 million,"140,000","Wide network of fashion designers, artists, and creative professionals",INFP,"$550,000","Sophia Taylor is a visionary fashion designer and creative entrepreneur known for her bold and eclectic designs. With a degree from Central Saint Martins, Sophia pushes the boundaries of fashion and art, creating pieces that are both innovative and timeless. Through her unique perspective and artistic vision, Sophia inspires millions to embrace their individuality and express themselves through fashion and design."
Alex Martinez,Male,31,Mexican-American,8,"Food, Cooking, Lifestyle",8,"Cooking, Recipe development, Food blogging",Culinary Arts degree from Le Cordon Bleu,"Food Influencer of the Year at the Food Awards, Best Cooking Channel at the Lifestyle Awards","Featured in Food & Wine, Bon Appétit, Epicurious, Tasty",1.6 million,"85,000","Wide network of fellow chefs, food bloggers, and culinary enthusiasts",ESFP,"$300,000","Alex Martinez's passion for cooking and food began in his grandmother's kitchen, where he learned the art of Mexican cuisine. With a culinary arts degree from Le Cordon Bleu, Alex shares his love for food and culture with his followers, inspiring them to explore new flavors and culinary traditions. Through his engaging cooking videos and authentic approach to food, Alex has become a trusted source of culinary inspiration for millions around the world."
Chloe Adams,Female,30,Australian,9,"Beauty, Lifestyle, Travel",8,"Makeup artistry, Skincare, Travel blogging",Bachelor's degree in Cosmetology from Sydney University,"Beauty Influencer of the Year at the Beauty Awards, Best Lifestyle Blog at the Lifestyle Awards","Featured in Allure, Glamour, Cosmopolitan, Travel + Leisure",2.4 million,"130,000","Extensive network of beauty professionals, travel bloggers, and lifestyle influencers",ENFP,"$400,000","Chloe Adams is a talented makeup artist and beauty influencer known for her flawless beauty looks and travel adventures. With a degree in cosmetology from Sydney University, Chloe shares her expertise in makeup artistry and skincare with her followers, empowering them to feel confident and beautiful in their own skin. From creating stunning makeup tutorials to exploring exotic destinations, Chloe's journey is a testament to the transformative power of beauty and travel in enhancing our lives."
Maya Patel,Female,28,Indian-American,7,"Fitness, Nutrition, Lifestyle",9,"Personal training, Nutrition coaching, Wellness consulting","Bachelor's degree in Kinesiology from University of California, Los Angeles","Fitness Influencer of the Year at the Fitness Awards, Wellness Advocate of the Year at the Wellness Awards","Featured in Women's Health, Shape, Self, Health",2.3 million,"150,000","Extensive network of fitness professionals, nutritionists, and wellness experts",ISFJ,"$550,000","Maya Patel is a fitness enthusiast and wellness coach dedicated to helping others lead healthier and more active lifestyles. With a degree in kinesiology from UCLA, Maya shares her expertise in personal training and nutrition with her followers, empowering them to achieve their fitness goals and live their best lives. Through her inspiring workouts and practical wellness tips, Maya has built a community of like-minded individuals who support and motivate each other on their fitness journeys."
Lucas Smith,Male,32,American,8,"Photography, Travel, Adventure",8,"Photography, Videography, Storytelling",Bachelor's degree in Photography from New York University,"Adventure Photographer of the Year at the Photography Awards, Travel Influencer of the Year at the Travel Awards","Featured in National Geographic, Lonely Planet, Conde Nast Traveler, Travel + Leisure",2.1 million,"100,000","Diverse network of fellow photographers, travelers, and adventure enthusiasts",ISTP,"$500,000","Lucas Smith is a passionate photographer and travel enthusiast known for his breathtaking landscapes and adventurous spirit. With a degree in photography from NYU, Lucas captures the beauty of the world and shares his adventures with his followers, inspiring them to explore and appreciate the wonders of nature. From the mountains of Patagonia to the beaches of Bali, Lucas's journey is a testament to the transformative power of travel and photography in enriching our lives."
Lily Wang,Female,30,Chinese-American,9,"Fashion, Beauty, Lifestyle",9,"Fashion design, Makeup artistry, Content creation",Bachelor's degree in Fashion Design from Parsons School of Design,"Fashion Designer of the Year at the Fashion Awards, Beauty Influencer of the Year at the Beauty Awards","Featured in Vogue, Harper's Bazaar, Elle, Cosmopolitan",2.8 million,"200,000","Extensive network of fashion designers, makeup artists, and fellow influencers",ENFJ,"$700,000","Lily Wang is a visionary fashion designer and beauty influencer known for her elegant designs and flawless makeup looks. With a degree from Parsons School of Design, Lily combines her passion for fashion and beauty to create stunning visuals and inspire her followers. Through her innovative designs and captivating content, Lily has become a respected figure in the fashion and beauty industry, empowering millions to express themselves through style and makeup."
Noah Garcia,Male,29,American,7,"Technology, Gadgets, Innovation",8,"Tech reviews, Product testing, Innovation consulting",Bachelor's degree in Electrical Engineering from Massachusetts Institute of Technology,"Tech Influencer of the Year at the Tech Awards, Innovation Award at the Innovation Awards","Featured in Wired, TechCrunch, Engadget, Gizmodo",2.5 million,"120,000","Vast network of tech enthusiasts, entrepreneurs, and innovators",INTJ,"$650,000","Noah Garcia is a tech enthusiast and innovator known for his in-depth reviews and insights into the latest gadgets and innovations. With a degree in electrical engineering from MIT, Noah shares his expertise in technology and product development with his followers, helping them stay informed and ahead of the curve. Through his engaging content and innovative projects, Noah inspires millions to embrace the possibilities of technology and explore new frontiers of innovation."
Zoe Carter,Female,33,American,10,"Parenting, Family, Lifestyle",7,"Parenting tips, Family activities, Lifestyle blogging",Bachelor's degree in Early Childhood Education from Stanford University,"Parenting Blogger of the Year at the Parenting Awards, Family Advocate of the Year at the Family Awards","Featured in Parents, Today's Parent, Scary Mommy, The Bump",1.9 million,"90,000","Diverse network of parents, educators, and family bloggers",ESFJ,"$400,000","Zoe Carter is a dedicated parent and family advocate committed to providing support and resources to parents around the world. With a degree in early childhood education from Stanford, Zoe shares her insights and experiences as a mother through her engaging content and heartfelt stories. From parenting tips to family-friendly activities, Zoe's journey is a testament to the joys and challenges of parenthood, inspiring millions to cherish the moments and create lasting memories with their loved ones."
Maxine Thompson,Female,34,British,11,"Home Decor, DIY, Lifestyle",8,"Interior design, Home styling, DIY projects",Bachelor's degree in Interior Design from University of the Arts London,"Home Decor Influencer of the Year at the Home Decor Awards, DIY Expert of the Year at the Lifestyle Awards","Featured in Architectural Digest, Elle Decor, House Beautiful, Apartment Therapy",2.2 million,"110,000","Wide network of interior designers, DIY enthusiasts, and lifestyle bloggers",ENFP,"$550,000","Maxine Thompson is a talented interior designer and DIY enthusiast known for her creative approach to home decor and styling. With a degree from University of the Arts London, Maxine shares her passion for design and craftsmanship with her followers, inspiring them to transform their living spaces into beautiful and functional homes. Through her practical tips and creative projects, Maxine empowers millions to unleash their creativity and express their personal style in their homes."
Jacob Stewart,Male,36,American,13,"Business, Finance, Entrepreneurship",8,"Business strategy, Financial planning, Entrepreneurial leadership",MBA from Harvard Business School,"Entrepreneur of the Year at the Entrepreneurship Awards, Business Leader of the Year at the Business Awards","Featured in Forbes, Fortune, Bloomberg, CNBC",2.7 million,"150,000","Extensive network of business professionals, investors, and entrepreneurs",ENTJ,"$800,000",Jacob Stewart is a seasoned entrepreneur and business leader known for his strategic vision and leadership prowess. With an MBA